{
  "accuracy": 0.9624,
  "classification_report": {
    "APPROVE": {
      "precision": 0.9336540896429476,
      "recall": 0.9694977649224297,
      "f1-score": 0.9512383900928792,
      "support": 3803.0
    },
    "REJECT": {
      "precision": 0.9457729875378915,
      "recall": 0.888045540796964,
      "f1-score": 0.9160006524221171,
      "support": 3162.0
    },
    "REVIEW": {
      "precision": 0.9748509402232075,
      "recall": 0.9783659378596088,
      "f1-score": 0.9766052762568442,
      "support": 13035.0
    },
    "accuracy": 0.9624,
    "macro avg": {
      "precision": 0.951426005801349,
      "recall": 0.9453030811930008,
      "f1-score": 0.9479481062572802,
      "support": 20000.0
    },
    "weighted avg": {
      "precision": 0.9624201347658226,
      "recall": 0.9624,
      "f1-score": 0.9622001718244959,
      "support": 20000.0
    }
  },
  "feature_columns": [
    "sector",
    "region",
    "size",
    "baseline_emissions_tco2",
    "target_reduction_pct",
    "avg_note",
    "min_note",
    "compliance_rate",
    "blocking_criteria",
    "scope1_tco2",
    "scope2_tco2",
    "scope3_tco2",
    "total_tco2",
    "scenario_delta",
    "score"
  ],
  "categorical_columns": [
    "sector",
    "region",
    "size"
  ],
  "numeric_columns": [
    "baseline_emissions_tco2",
    "target_reduction_pct",
    "avg_note",
    "min_note",
    "compliance_rate",
    "blocking_criteria",
    "scope1_tco2",
    "scope2_tco2",
    "scope3_tco2",
    "total_tco2",
    "scenario_delta",
    "score"
  ]
}